,5_o_Clock_Shadow,Arched_Eyebrows,Attractive,Bags_Under_Eyes,Bald,Bangs,Big_Lips,Big_Nose,Black_Hair,Blond_Hair,Blurry,Brown_Hair,Bushy_Eyebrows,Chubby,Double_Chin,Eyeglasses,Goatee,Gray_Hair,Heavy_Makeup,High_Cheekbones,Male,Mouth_Slightly_Open,Mustache,Narrow_Eyes,No_Beard,Oval_Face,Pale_Skin,Pointy_Nose,Receding_Hairline,Rosy_Cheeks,Sideburns,Smiling,Straight_Hair,Wavy_Hair,Wearing_Earrings,Wearing_Hat,Wearing_Lipstick,Wearing_Necklace,Wearing_Necktie,Young
accuracy,94.39774500427845,85.38279559067801,82.41304676096038,85.67977047364977,99.29531383701615,95.87758594654453,77.99365782453314,85.04051945437158,90.71827653898424,95.88765289173,96.4312679317461,88.08073690038758,92.43469069310918,95.97322192580661,96.6225398902703,99.79362762369759,96.95474908139126,98.2382845925404,92.6662304323753,88.53878290632707,98.84733477626214,94.21150651834701,96.96984949916947,90.11425982785524,96.043690542105,77.13293401117431,96.95474908139126,76.76045703931142,94.6091508531736,95.40947299541953,97.52353148437106,93.2702471435043,85.17138974178286,85.94654452106508,91.48336437308099,99.35068203553632,93.7886948205567,88.1814063522424,97.11582020435898,90.03372426637137
