,Attractive,Bald,Bangs,Black_Hair,Blond_Hair,Brown_Hair,Chubby,Double_Chin,Eyeglasses,Goatee,Gray_Hair,Male,Mustache,Pale_Skin,Receding_Hairline,Smiling,Wearing_Hat
accuracy,82.65968691800474,99.0235063170081,95.55544370060905,90.32063220415765,95.73161524135502,87.86429757889968,95.7416821865405,96.53193738360095,99.36578245331454,96.803744903609,98.0218452710525,98.53525947551216,96.67287461619772,96.82891226657271,94.28197513464539,93.02360698645995,99.03357326219358
