,5_o_Clock_Shadow,Arched_Eyebrows,Attractive,Bags_Under_Eyes,Bald,Bangs,Big_Lips,Big_Nose,Black_Hair,Blond_Hair,Blurry,Brown_Hair,Bushy_Eyebrows,Chubby,Double_Chin,Eyeglasses,Goatee,Gray_Hair,Heavy_Makeup,High_Cheekbones,Male,Mouth_Slightly_Open,Mustache,Narrow_Eyes,No_Beard,Oval_Face,Pale_Skin,Pointy_Nose,Receding_Hairline,Rosy_Cheeks,Sideburns,Smiling,Straight_Hair,Wavy_Hair,Wearing_Earrings,Wearing_Hat,Wearing_Lipstick,Wearing_Necklace,Wearing_Necktie,Young
accuracy,94.05043539537927,84.16972869582725,82.21170785725072,84.83414707806917,98.87753561181859,95.4296068857905,77.73191724971058,84.33079981879499,90.21492927971008,95.6108118991292,96.02859012432677,87.67805909296824,91.79040620123824,95.47490813912518,96.30543111692756,99.40101676146374,96.17959430210902,97.88594151104847,92.19811748125032,87.79886243519404,98.30875320883878,93.31554839683898,96.53193738360095,89.30387074042382,95.7668495495042,76.68495495042029,96.65274072582675,75.89469975335984,94.20647304575427,94.97659435244375,96.97488297176221,92.71656515830271,84.40630190768611,85.71500478179897,91.03538531232698,98.9631046458952,93.27528061609705,87.95993355816178,96.55207127397192,89.33407157598027
