,5_o_Clock_Shadow,Arched_Eyebrows,Attractive,Bags_Under_Eyes,Bald,Bangs,Big_Lips,Big_Nose,Black_Hair,Blond_Hair,Blurry,Brown_Hair,Bushy_Eyebrows,Chubby,Double_Chin,Eyeglasses,Goatee,Gray_Hair,Heavy_Makeup,High_Cheekbones,Male,Mouth_Slightly_Open,Mustache,Narrow_Eyes,No_Beard,Oval_Face,Pale_Skin,Pointy_Nose,Receding_Hairline,Rosy_Cheeks,Sideburns,Smiling,Straight_Hair,Wavy_Hair,Wearing_Earrings,Wearing_Hat,Wearing_Lipstick,Wearing_Necklace,Wearing_Necktie,Young
accuracy,94.01016761463734,83.87275381285549,82.16640660391604,84.84421402325464,99.18961091256858,95.84235163839533,78.05909296823879,84.37610107212966,90.7736447375044,95.90275330950823,96.44636834952433,87.77369507223032,92.27865304273418,95.59067800875825,96.55207127397192,99.70805858962098,96.75844365027433,98.15774903105653,92.54542709014949,88.28710927668999,98.69129712588715,94.09573664871395,96.81381184879449,89.48507575376252,96.06885790506871,76.69502189560578,96.98998338954044,75.64302612372276,94.35747722353652,95.29873659837922,97.34232647103237,92.99340615090351,84.84924749584738,85.94654452106508,91.4128957567826,99.37584939850002,93.74842703981477,88.13107162631499,96.87421351990739,89.62601298635929
