,5_o_Clock_Shadow,Arched_Eyebrows,Attractive,Bags_Under_Eyes,Bald,Bangs,Big_Lips,Big_Nose,Black_Hair,Blond_Hair,Blurry,Brown_Hair,Bushy_Eyebrows,Chubby,Double_Chin,Eyeglasses,Goatee,Gray_Hair,Heavy_Makeup,High_Cheekbones,Male,Mouth_Slightly_Open,Mustache,Narrow_Eyes,No_Beard,Oval_Face,Pale_Skin,Pointy_Nose,Receding_Hairline,Rosy_Cheeks,Sideburns,Smiling,Straight_Hair,Wavy_Hair,Wearing_Earrings,Wearing_Hat,Wearing_Lipstick,Wearing_Necklace,Wearing_Necktie,Young
accuracy,83.71168268988775,73.30246136809785,71.1733024613681,73.36286303921075,97.65440177178235,84.83414707806917,67.8562440227513,74.59103035183973,82.93652791060552,91.38772839381889,94.77022197614134,80.51542759349675,86.1176825892183,94.1611717924196,95.22826798208084,93.31554839683898,93.5470881361051,95.83228469320984,86.60089595812151,75.58262445260985,94.33734333316555,64.4083152967232,95.8624855287663,88.34751094780289,83.41974127950873,67.37806412644083,95.5504102280163,63.97040318115468,91.8105400916092,93.47661951980672,94.2215734635325,75.14974580963407,79.60940252680324,67.40323148940455,78.67317662455328,95.03699602355665,91.24175768862939,87.19484572406503,93.07394171238738,77.36447375044042
