,5_o_Clock_Shadow,Arched_Eyebrows,Attractive,Bags_Under_Eyes,Bald,Bangs,Big_Lips,Big_Nose,Black_Hair,Blond_Hair,Blurry,Brown_Hair,Bushy_Eyebrows,Chubby,Double_Chin,Eyeglasses,Goatee,Gray_Hair,Heavy_Makeup,High_Cheekbones,Male,Mouth_Slightly_Open,Mustache,Narrow_Eyes,No_Beard,Oval_Face,Pale_Skin,Pointy_Nose,Receding_Hairline,Rosy_Cheeks,Sideburns,Smiling,Straight_Hair,Wavy_Hair,Wearing_Earrings,Wearing_Hat,Wearing_Lipstick,Wearing_Necklace,Wearing_Necktie,Young
accuracy,92.3289877686616,80.10771631348467,80.75200080535562,81.95500075502089,97.66446871696783,94.89102531836714,76.1665072733679,82.27210952836361,89.64614687673026,95.21820103689535,94.88095837318166,85.53379976846026,88.10087079075855,94.63935168873006,95.78698343987517,98.58559420143958,95.90275330950823,96.93461519102028,91.08068656566165,87.19987919665778,97.79030553178637,92.72159863089546,95.87255247395179,88.34751094780289,95.19806714652438,73.72023959329542,95.5504102280163,72.82931494438013,92.04711330346807,93.97493330648814,96.35576584285498,91.33236019529873,82.36271203503297,84.31066592842402,84.86938138621835,97.72487038808073,92.99340615090351,87.69819298333921,94.51351487391152,87.41128504555293
