,5_o_Clock_Shadow,Arched_Eyebrows,Attractive,Bags_Under_Eyes,Bald,Bangs,Big_Lips,Big_Nose,Black_Hair,Blond_Hair,Blurry,Brown_Hair,Bushy_Eyebrows,Chubby,Double_Chin,Eyeglasses,Goatee,Gray_Hair,Heavy_Makeup,High_Cheekbones,Male,Mouth_Slightly_Open,Mustache,Narrow_Eyes,No_Beard,Oval_Face,Pale_Skin,Pointy_Nose,Receding_Hairline,Rosy_Cheeks,Sideburns,Smiling,Straight_Hair,Wavy_Hair,Wearing_Earrings,Wearing_Hat,Wearing_Lipstick,Wearing_Necklace,Wearing_Necktie,Young
accuracy,92.73669904867369,80.51039412090401,81.1848794483314,82.72008858911764,97.95641012734686,95.29873659837922,77.1681683193235,83.09256556098052,90.14446066341169,95.43967383097599,95.54537675542356,86.66129762923441,89.06729752856495,94.85579101021796,95.99335581617758,99.26007952886697,96.21482861025822,97.2617909095485,91.28202546937132,87.54718880555696,98.19298333920572,93.763527457593,95.93295414506468,88.34751094780289,95.35410479689938,74.17325212664217,95.5504102280163,73.6346705592188,92.48502541903659,94.27694166205265,96.647707253234,92.36422207681079,83.50531031358534,85.43816378919817,87.32068253888357,98.75169879700005,93.17461116424221,87.69819298333921,95.48497508431066,88.48341470780692
