,5_o_Clock_Shadow,Arched_Eyebrows,Attractive,Bags_Under_Eyes,Bald,Bangs,Big_Lips,Big_Nose,Black_Hair,Blond_Hair,Blurry,Brown_Hair,Bushy_Eyebrows,Chubby,Double_Chin,Eyeglasses,Goatee,Gray_Hair,Heavy_Makeup,High_Cheekbones,Male,Mouth_Slightly_Open,Mustache,Narrow_Eyes,No_Beard,Oval_Face,Pale_Skin,Pointy_Nose,Receding_Hairline,Rosy_Cheeks,Sideburns,Smiling,Straight_Hair,Wavy_Hair,Wearing_Earrings,Wearing_Hat,Wearing_Lipstick,Wearing_Necklace,Wearing_Necktie,Young
accuracy,92.45985805607289,80.13288367644839,80.81240247646852,82.15130618613782,97.72487038808073,94.92625962651633,76.48864951930337,82.39794634318216,89.72668243821413,95.23833492726632,95.06216338652035,85.86097548698848,88.28207580409725,94.6695525242865,95.89268636432274,99.06377409775004,95.97825539839936,97.04031811546785,91.2568581064076,87.28041475814165,97.85574067549202,92.691397795339,95.88765289173,88.34751094780289,95.23330145467358,73.61957014144058,95.5504102280163,73.1514571903156,92.19308400865758,94.08063623093572,96.52187043841546,91.34242714048422,82.61438566467005,84.49187094176273,85.21165752252479,98.5050586399557,93.00850656868174,87.69819298333921,94.54371570946796,87.56228922333518
