,5_o_Clock_Shadow,Arched_Eyebrows,Attractive,Bags_Under_Eyes,Bald,Bangs,Big_Lips,Big_Nose,Black_Hair,Blond_Hair,Blurry,Brown_Hair,Bushy_Eyebrows,Chubby,Double_Chin,Eyeglasses,Goatee,Gray_Hair,Heavy_Makeup,High_Cheekbones,Male,Mouth_Slightly_Open,Mustache,Narrow_Eyes,No_Beard,Oval_Face,Pale_Skin,Pointy_Nose,Receding_Hairline,Rosy_Cheeks,Sideburns,Smiling,Straight_Hair,Wavy_Hair,Wearing_Earrings,Wearing_Hat,Wearing_Lipstick,Wearing_Necklace,Wearing_Necktie,Young
accuracy,92.56556098052046,80.17818492978306,80.89797151054512,82.25700911058539,97.81547289475009,94.9463935168873,76.78059092968239,82.63451955504102,89.8676196708109,95.29873659837922,95.23833492726632,86.31902149292797,88.78542306337143,94.78532239391957,95.97322192580661,99.16444354960487,96.1644938843308,97.15608798510092,91.04545225751245,87.36598379221824,97.99667790808878,93.20984547239141,96.02859012432677,88.34751094780289,95.29873659837922,73.84104293552122,95.5504102280163,73.17159108068657,92.30885387829063,94.18130568279055,96.69300850656869,91.70483716716163,83.12779986912972,84.88448180399658,85.850908541803,98.73659837922183,92.98333920571802,87.69819298333921,94.75008808577037,87.93979966779081
