,5_o_Clock_Shadow,Arched_Eyebrows,Attractive,Bags_Under_Eyes,Bald,Bangs,Big_Lips,Big_Nose,Black_Hair,Blond_Hair,Blurry,Brown_Hair,Bushy_Eyebrows,Chubby,Double_Chin,Eyeglasses,Goatee,Gray_Hair,Heavy_Makeup,High_Cheekbones,Male,Mouth_Slightly_Open,Mustache,Narrow_Eyes,No_Beard,Oval_Face,Pale_Skin,Pointy_Nose,Receding_Hairline,Rosy_Cheeks,Sideburns,Smiling,Straight_Hair,Wavy_Hair,Wearing_Earrings,Wearing_Hat,Wearing_Lipstick,Wearing_Necklace,Wearing_Necktie,Young
accuracy,94.37761111390749,85.07072028992802,82.23687522021443,85.2972265566014,99.239945638496,95.95812150802838,77.91815573564202,84.98011778325866,90.87934766195198,96.09402526803241,96.53193738360095,88.14113857150048,92.40952333014546,95.85745205617356,96.66280767101223,99.79866109629033,97.02521769768964,98.20808375698394,92.65113001459707,88.41797956410127,98.89263602959682,94.27694166205265,96.75844365027433,90.07399204711331,96.03362359691951,77.25373735340011,96.9245482458348,76.63965369708562,94.6695525242865,95.44470730356873,97.49836412140736,93.37091659535913,85.85594201439574,86.45995872552474,91.5085317360447,99.395983288871,93.75849398500026,88.14113857150048,97.06045200583883,90.05385815674234
