,5_o_Clock_Shadow,Arched_Eyebrows,Attractive,Bags_Under_Eyes,Bald,Bangs,Big_Lips,Big_Nose,Black_Hair,Blond_Hair,Blurry,Brown_Hair,Bushy_Eyebrows,Chubby,Double_Chin,Eyeglasses,Goatee,Gray_Hair,Heavy_Makeup,High_Cheekbones,Male,Mouth_Slightly_Open,Mustache,Narrow_Eyes,No_Beard,Oval_Face,Pale_Skin,Pointy_Nose,Receding_Hairline,Rosy_Cheeks,Sideburns,Smiling,Straight_Hair,Wavy_Hair,Wearing_Earrings,Wearing_Hat,Wearing_Lipstick,Wearing_Necklace,Wearing_Necktie,Young
accuracy,94.40277847687119,85.48849851512558,82.342578144662,85.61433532994413,99.16947702219761,95.5252428650526,77.88795490008557,85.15628932400463,90.85418029898827,95.78194996728243,96.61247294508482,88.10087079075855,92.43469069310918,95.85745205617356,96.66784114360497,99.83389540443952,96.93964866361303,98.23325111994765,92.76689988423013,88.3122766396537,98.93290381033876,94.04540192278652,96.93964866361303,89.99848995822218,95.73664871394776,77.55071223637188,96.99501686213318,76.55911813560175,94.61418432576635,95.45477424875422,97.53863190214929,93.2702471435043,85.694870891428,86.34418885589167,91.65450244123421,99.39094981627825,93.607489807218,88.1814063522424,96.90441435546383,90.44646901897619
