,5_o_Clock_Shadow,Arched_Eyebrows,Attractive,Bags_Under_Eyes,Bald,Bangs,Big_Lips,Big_Nose,Black_Hair,Blond_Hair,Blurry,Brown_Hair,Bushy_Eyebrows,Chubby,Double_Chin,Eyeglasses,Goatee,Gray_Hair,Heavy_Makeup,High_Cheekbones,Male,Mouth_Slightly_Open,Mustache,Narrow_Eyes,No_Beard,Oval_Face,Pale_Skin,Pointy_Nose,Receding_Hairline,Rosy_Cheeks,Sideburns,Smiling,Straight_Hair,Wavy_Hair,Wearing_Earrings,Wearing_Hat,Wearing_Lipstick,Wearing_Necklace,Wearing_Necktie,Young
accuracy,91.32732672270599,78.93995067196859,79.53390043791211,81.02380832536367,97.03025117028238,93.24507978054059,75.26551567926712,81.2452811194443,87.98510092112548,94.15613831982685,94.14607137464137,83.01706347208939,87.38611768258922,93.9094981627825,95.08229727689132,96.56213821915739,95.09739769466955,96.26516333618564,90.13942719081895,85.7905068706901,96.52187043841546,88.6495193033674,95.21820103689535,87.75859465445211,94.11587053908491,72.72361201993255,94.94136004429456,72.305833794735,91.40786228418986,93.19474505461318,95.53530981023809,89.72164896562138,79.99194644385162,81.64795892686364,83.05229778023859,95.95308803543564,92.18805053606484,87.16464488850858,93.2350128353551,86.40459052700459
