,5_o_Clock_Shadow,Arched_Eyebrows,Attractive,Bags_Under_Eyes,Bald,Bangs,Big_Lips,Big_Nose,Black_Hair,Blond_Hair,Blurry,Brown_Hair,Bushy_Eyebrows,Chubby,Double_Chin,Eyeglasses,Goatee,Gray_Hair,Heavy_Makeup,High_Cheekbones,Male,Mouth_Slightly_Open,Mustache,Narrow_Eyes,No_Beard,Oval_Face,Pale_Skin,Pointy_Nose,Receding_Hairline,Rosy_Cheeks,Sideburns,Smiling,Straight_Hair,Wavy_Hair,Wearing_Earrings,Wearing_Hat,Wearing_Lipstick,Wearing_Necklace,Wearing_Necktie,Young
accuracy,94.4883475109478,85.4180298988272,82.4382141239241,85.78547339809735,99.25001258368148,95.85241858358081,77.96345698897669,84.78381235214174,90.53707152564554,95.87255247395179,96.58227210952836,87.96496703075452,92.28871998791966,95.84235163839533,96.75844365027433,99.83389540443952,97.05038506065334,98.13761514068555,92.68133085015351,88.3978456737303,98.85740172144763,94.29204207983088,96.99501686213318,90.09412593748426,96.13429304877435,77.41984194896058,96.93461519102028,76.79569134746062,94.79538933910504,95.33900437912115,97.61413399104042,93.25514672572608,85.31736044697237,86.12271606181105,91.45819701011727,99.39094981627825,93.78366134796396,88.1814063522424,97.05038506065334,90.27533095082298
