,5_o_Clock_Shadow,Arched_Eyebrows,Attractive,Bags_Under_Eyes,Bald,Bangs,Big_Lips,Big_Nose,Black_Hair,Blond_Hair,Blurry,Brown_Hair,Bushy_Eyebrows,Chubby,Double_Chin,Eyeglasses,Goatee,Gray_Hair,Heavy_Makeup,High_Cheekbones,Male,Mouth_Slightly_Open,Mustache,Narrow_Eyes,No_Beard,Oval_Face,Pale_Skin,Pointy_Nose,Receding_Hairline,Rosy_Cheeks,Sideburns,Smiling,Straight_Hair,Wavy_Hair,Wearing_Earrings,Wearing_Hat,Wearing_Lipstick,Wearing_Necklace,Wearing_Necktie,Young
accuracy,93.95479941611718,84.8744148588111,82.19157396687974,85.44823073438366,98.95807117330246,95.69638093320582,77.69164946896863,84.76367846177078,90.54210499823829,95.7064478783913,96.26516333618564,87.71329340111743,92.08234761161725,95.54034328283082,96.35576584285498,99.47148537776212,96.49166960285902,97.73997080585896,92.19811748125032,87.72336034630291,98.6006946192178,93.83399607389138,96.56717169175013,89.81728494488347,95.67624704283485,76.866159963759,96.68797503397595,76.29234408818644,94.43297931242765,94.90109226355263,97.22655660139931,92.93803795238335,85.0203855640006,85.93144410328686,91.26189157900035,98.96813811848794,93.3306488146172,87.89449841445614,96.70307545175416,89.8676196708109
